size,time,
1,3E-06,1
2,4E-06,5
3,8E-06,15
4,5.4E-05,34
5,0.000561,65
6,0.006912,111
7,0.067207,175
8,1.466119,260
9,39.502502,369
